"indnaics_str","bea_detail","naics_multi_io","match_type","n_bea","match_quality"
"111","1111A0",FALSE,"prefix_3d",6,"coarse"
"111","1111B0",FALSE,"prefix_3d",6,"coarse"
"111","111200",FALSE,"prefix_3d",6,"coarse"
"111","111300",FALSE,"prefix_3d",6,"coarse"
"111","111400",FALSE,"prefix_3d",6,"coarse"
"111","111900",FALSE,"prefix_3d",6,"coarse"
"112","112120",FALSE,"prefix_3d",4,"acceptable"
"112","1121A0",FALSE,"prefix_3d",4,"acceptable"
"112","112300",FALSE,"prefix_3d",4,"acceptable"
"112","112A00",FALSE,"prefix_3d",4,"acceptable"
"1133","113000",FALSE,"prefix_3d",1,"acceptable"
"113M","113000",FALSE,"prefix_3d",1,"acceptable"
"114","114000",FALSE,"exact_6d",1,"clean"
"115","115000",FALSE,"exact_6d",1,"clean"
"211","211000",FALSE,"exact_6d",1,"clean"
"2121","212100",FALSE,"exact_6d",1,"clean"
"2122","212230",FALSE,"prefix_4d",2,"acceptable"
"2122","2122A0",FALSE,"prefix_4d",2,"acceptable"
"2123","212310",FALSE,"prefix_4d",2,"acceptable"
"2123","2123A0",FALSE,"prefix_4d",2,"acceptable"
"213","213111",FALSE,"prefix_3d",2,"acceptable"
"213","21311A",FALSE,"prefix_3d",2,"acceptable"
"2211P","221100",FALSE,"prefix_4d",1,"acceptable"
"2212P","221200",FALSE,"prefix_4d",1,"acceptable"
"22132","221300",FALSE,"prefix_4d",1,"acceptable"
"2213M","221300",FALSE,"prefix_4d",1,"acceptable"
"221MP","221100",FALSE,"prefix_3d",3,"acceptable"
"221MP","221200",FALSE,"prefix_3d",3,"acceptable"
"221MP","221300",FALSE,"prefix_3d",3,"acceptable"
"22S","221100",FALSE,"prefix_2d",3,"acceptable"
"22S","221200",FALSE,"prefix_2d",3,"acceptable"
"22S","221300",FALSE,"prefix_2d",3,"acceptable"
"23","230301",TRUE,"exact_6d",12,"clean"
"23","230302",TRUE,"exact_6d",12,"clean"
"23","233210",TRUE,"exact_6d",12,"clean"
"23","233230",TRUE,"exact_6d",12,"clean"
"23","233240",TRUE,"exact_6d",12,"clean"
"23","233262",TRUE,"exact_6d",12,"clean"
"23","2332A0",TRUE,"exact_6d",12,"clean"
"23","2332C0",TRUE,"exact_6d",12,"clean"
"23","2332D0",TRUE,"exact_6d",12,"clean"
"23","233411",TRUE,"exact_6d",12,"clean"
"23","233412",TRUE,"exact_6d",12,"clean"
"23","2334A0",TRUE,"exact_6d",12,"clean"
"3113","311300",FALSE,"exact_6d",1,"clean"
"3114","311410",FALSE,"prefix_4d",2,"acceptable"
"3114","311420",FALSE,"prefix_4d",2,"acceptable"
"3115","311513",FALSE,"prefix_4d",4,"acceptable"
"3115","311514",FALSE,"prefix_4d",4,"acceptable"
"3115","31151A",FALSE,"prefix_4d",4,"acceptable"
"3115","311520",FALSE,"prefix_4d",4,"acceptable"
"3116","311615",FALSE,"prefix_4d",2,"acceptable"
"3116","31161A",FALSE,"prefix_4d",2,"acceptable"
"311811","311810",FALSE,"prefix_5d",1,"acceptable"
"3118Z","311810",FALSE,"prefix_4d",2,"acceptable"
"3118Z","3118A0",FALSE,"prefix_4d",2,"acceptable"
"311M1","311111",FALSE,"prefix_3d",24,"unusable"
"311M1","311119",FALSE,"prefix_3d",24,"unusable"
"311M1","311210",FALSE,"prefix_3d",24,"unusable"
"311M1","311221",FALSE,"prefix_3d",24,"unusable"
"311M1","311224",FALSE,"prefix_3d",24,"unusable"
"311M1","311225",FALSE,"prefix_3d",24,"unusable"
"311M1","311230",FALSE,"prefix_3d",24,"unusable"
"311M1","311300",FALSE,"prefix_3d",24,"unusable"
"311M1","311410",FALSE,"prefix_3d",24,"unusable"
"311M1","311420",FALSE,"prefix_3d",24,"unusable"
"311M1","311513",FALSE,"prefix_3d",24,"unusable"
"311M1","311514",FALSE,"prefix_3d",24,"unusable"
"311M1","31151A",FALSE,"prefix_3d",24,"unusable"
"311M1","311520",FALSE,"prefix_3d",24,"unusable"
"311M1","311615",FALSE,"prefix_3d",24,"unusable"
"311M1","31161A",FALSE,"prefix_3d",24,"unusable"
"311M1","311700",FALSE,"prefix_3d",24,"unusable"
"311M1","311810",FALSE,"prefix_3d",24,"unusable"
"311M1","3118A0",FALSE,"prefix_3d",24,"unusable"
"311M1","311910",FALSE,"prefix_3d",24,"unusable"
"311M1","311920",FALSE,"prefix_3d",24,"unusable"
"311M1","311930",FALSE,"prefix_3d",24,"unusable"
"311M1","311940",FALSE,"prefix_3d",24,"unusable"
"311M1","311990",FALSE,"prefix_3d",24,"unusable"
"311M2","311111",FALSE,"prefix_3d",24,"unusable"
"311M2","311119",FALSE,"prefix_3d",24,"unusable"
"311M2","311210",FALSE,"prefix_3d",24,"unusable"
"311M2","311221",FALSE,"prefix_3d",24,"unusable"
"311M2","311224",FALSE,"prefix_3d",24,"unusable"
"311M2","311225",FALSE,"prefix_3d",24,"unusable"
"311M2","311230",FALSE,"prefix_3d",24,"unusable"
"311M2","311300",FALSE,"prefix_3d",24,"unusable"
"311M2","311410",FALSE,"prefix_3d",24,"unusable"
"311M2","311420",FALSE,"prefix_3d",24,"unusable"
"311M2","311513",FALSE,"prefix_3d",24,"unusable"
"311M2","311514",FALSE,"prefix_3d",24,"unusable"
"311M2","31151A",FALSE,"prefix_3d",24,"unusable"
"311M2","311520",FALSE,"prefix_3d",24,"unusable"
"311M2","311615",FALSE,"prefix_3d",24,"unusable"
"311M2","31161A",FALSE,"prefix_3d",24,"unusable"
"311M2","311700",FALSE,"prefix_3d",24,"unusable"
"311M2","311810",FALSE,"prefix_3d",24,"unusable"
"311M2","3118A0",FALSE,"prefix_3d",24,"unusable"
"311M2","311910",FALSE,"prefix_3d",24,"unusable"
"311M2","311920",FALSE,"prefix_3d",24,"unusable"
"311M2","311930",FALSE,"prefix_3d",24,"unusable"
"311M2","311940",FALSE,"prefix_3d",24,"unusable"
"311M2","311990",FALSE,"prefix_3d",24,"unusable"
"311S","311111",FALSE,"prefix_3d",24,"unusable"
"311S","311119",FALSE,"prefix_3d",24,"unusable"
"311S","311210",FALSE,"prefix_3d",24,"unusable"
"311S","311221",FALSE,"prefix_3d",24,"unusable"
"311S","311224",FALSE,"prefix_3d",24,"unusable"
"311S","311225",FALSE,"prefix_3d",24,"unusable"
"311S","311230",FALSE,"prefix_3d",24,"unusable"
"311S","311300",FALSE,"prefix_3d",24,"unusable"
"311S","311410",FALSE,"prefix_3d",24,"unusable"
"311S","311420",FALSE,"prefix_3d",24,"unusable"
"311S","311513",FALSE,"prefix_3d",24,"unusable"
"311S","311514",FALSE,"prefix_3d",24,"unusable"
"311S","31151A",FALSE,"prefix_3d",24,"unusable"
"311S","311520",FALSE,"prefix_3d",24,"unusable"
"311S","311615",FALSE,"prefix_3d",24,"unusable"
"311S","31161A",FALSE,"prefix_3d",24,"unusable"
"311S","311700",FALSE,"prefix_3d",24,"unusable"
"311S","311810",FALSE,"prefix_3d",24,"unusable"
"311S","3118A0",FALSE,"prefix_3d",24,"unusable"
"311S","311910",FALSE,"prefix_3d",24,"unusable"
"311S","311920",FALSE,"prefix_3d",24,"unusable"
"311S","311930",FALSE,"prefix_3d",24,"unusable"
"311S","311940",FALSE,"prefix_3d",24,"unusable"
"311S","311990",FALSE,"prefix_3d",24,"unusable"
"3121","312110",FALSE,"prefix_4d",4,"acceptable"
"3121","312120",FALSE,"prefix_4d",4,"acceptable"
"3121","312130",FALSE,"prefix_4d",4,"acceptable"
"3121","312140",FALSE,"prefix_4d",4,"acceptable"
"3122","312200",FALSE,"exact_6d",1,"clean"
"3131","313100",FALSE,"exact_6d",1,"clean"
"3132Z","313200",FALSE,"prefix_4d",1,"acceptable"
"3133","313300",FALSE,"exact_6d",1,"clean"
"31411","314110",FALSE,"exact_6d",1,"clean"
"314Z","314110",FALSE,"prefix_3d",3,"acceptable"
"314Z","314120",FALSE,"prefix_3d",3,"acceptable"
"314Z","314900",FALSE,"prefix_3d",3,"acceptable"
"315M","315000",FALSE,"prefix_3d",1,"acceptable"
"3162","316000",FALSE,"prefix_3d",1,"acceptable"
"316M","316000",FALSE,"prefix_3d",1,"acceptable"
"31M","311111",FALSE,"prefix_2d",37,"unusable"
"31M","311119",FALSE,"prefix_2d",37,"unusable"
"31M","311210",FALSE,"prefix_2d",37,"unusable"
"31M","311221",FALSE,"prefix_2d",37,"unusable"
"31M","311224",FALSE,"prefix_2d",37,"unusable"
"31M","311225",FALSE,"prefix_2d",37,"unusable"
"31M","311230",FALSE,"prefix_2d",37,"unusable"
"31M","311300",FALSE,"prefix_2d",37,"unusable"
"31M","311410",FALSE,"prefix_2d",37,"unusable"
"31M","311420",FALSE,"prefix_2d",37,"unusable"
"31M","311513",FALSE,"prefix_2d",37,"unusable"
"31M","311514",FALSE,"prefix_2d",37,"unusable"
"31M","31151A",FALSE,"prefix_2d",37,"unusable"
"31M","311520",FALSE,"prefix_2d",37,"unusable"
"31M","311615",FALSE,"prefix_2d",37,"unusable"
"31M","31161A",FALSE,"prefix_2d",37,"unusable"
"31M","311700",FALSE,"prefix_2d",37,"unusable"
"31M","311810",FALSE,"prefix_2d",37,"unusable"
"31M","3118A0",FALSE,"prefix_2d",37,"unusable"
"31M","311910",FALSE,"prefix_2d",37,"unusable"
"31M","311920",FALSE,"prefix_2d",37,"unusable"
"31M","311930",FALSE,"prefix_2d",37,"unusable"
"31M","311940",FALSE,"prefix_2d",37,"unusable"
"31M","311990",FALSE,"prefix_2d",37,"unusable"
"31M","312110",FALSE,"prefix_2d",37,"unusable"
"31M","312120",FALSE,"prefix_2d",37,"unusable"
"31M","312130",FALSE,"prefix_2d",37,"unusable"
"31M","312140",FALSE,"prefix_2d",37,"unusable"
"31M","312200",FALSE,"prefix_2d",37,"unusable"
"31M","313100",FALSE,"prefix_2d",37,"unusable"
"31M","313200",FALSE,"prefix_2d",37,"unusable"
"31M","313300",FALSE,"prefix_2d",37,"unusable"
"31M","314110",FALSE,"prefix_2d",37,"unusable"
"31M","314120",FALSE,"prefix_2d",37,"unusable"
"31M","314900",FALSE,"prefix_2d",37,"unusable"
"31M","315000",FALSE,"prefix_2d",37,"unusable"
"31M","316000",FALSE,"prefix_2d",37,"unusable"
"3211","321100",FALSE,"exact_6d",1,"clean"
"3212","321200",FALSE,"exact_6d",1,"clean"
"32199M","3219A0",FALSE,"prefix_5d",1,"acceptable"
"3219ZM","321910",FALSE,"prefix_4d",2,"acceptable"
"3219ZM","3219A0",FALSE,"prefix_4d",2,"acceptable"
"3221","322110",FALSE,"prefix_4d",3,"acceptable"
"3221","322120",FALSE,"prefix_4d",3,"acceptable"
"3221","322130",FALSE,"prefix_4d",3,"acceptable"
"32221","322210",FALSE,"exact_6d",1,"clean"
"3222M","322210",FALSE,"prefix_4d",5,"coarse"
"3222M","322220",FALSE,"prefix_4d",5,"coarse"
"3222M","322230",FALSE,"prefix_4d",5,"coarse"
"3222M","322291",FALSE,"prefix_4d",5,"coarse"
"3222M","322299",FALSE,"prefix_4d",5,"coarse"
"3231","323110",FALSE,"prefix_4d",2,"acceptable"
"3231","323120",FALSE,"prefix_4d",2,"acceptable"
"32411","324110",FALSE,"exact_6d",1,"clean"
"3241M","324110",FALSE,"prefix_4d",4,"acceptable"
"3241M","324121",FALSE,"prefix_4d",4,"acceptable"
"3241M","324122",FALSE,"prefix_4d",4,"acceptable"
"3241M","324190",FALSE,"prefix_4d",4,"acceptable"
"3252","325211",FALSE,"prefix_4d",2,"acceptable"
"3252","3252A0",FALSE,"prefix_4d",2,"acceptable"
"3253","325310",FALSE,"prefix_4d",2,"acceptable"
"3253","325320",FALSE,"prefix_4d",2,"acceptable"
"3254","325411",FALSE,"prefix_4d",4,"acceptable"
"3254","325412",FALSE,"prefix_4d",4,"acceptable"
"3254","325413",FALSE,"prefix_4d",4,"acceptable"
"3254","325414",FALSE,"prefix_4d",4,"acceptable"
"3255","325510",FALSE,"prefix_4d",2,"acceptable"
"3255","325520",FALSE,"prefix_4d",2,"acceptable"
"3256","325610",FALSE,"prefix_4d",2,"acceptable"
"3256","325620",FALSE,"prefix_4d",2,"acceptable"
"325M","325110",FALSE,"prefix_3d",19,"unusable"
"325M","325120",FALSE,"prefix_3d",19,"unusable"
"325M","325130",FALSE,"prefix_3d",19,"unusable"
"325M","325180",FALSE,"prefix_3d",19,"unusable"
"325M","325190",FALSE,"prefix_3d",19,"unusable"
"325M","325211",FALSE,"prefix_3d",19,"unusable"
"325M","3252A0",FALSE,"prefix_3d",19,"unusable"
"325M","325310",FALSE,"prefix_3d",19,"unusable"
"325M","325320",FALSE,"prefix_3d",19,"unusable"
"325M","325411",FALSE,"prefix_3d",19,"unusable"
"325M","325412",FALSE,"prefix_3d",19,"unusable"
"325M","325413",FALSE,"prefix_3d",19,"unusable"
"325M","325414",FALSE,"prefix_3d",19,"unusable"
"325M","325510",FALSE,"prefix_3d",19,"unusable"
"325M","325520",FALSE,"prefix_3d",19,"unusable"
"325M","325610",FALSE,"prefix_3d",19,"unusable"
"325M","325620",FALSE,"prefix_3d",19,"unusable"
"325M","325910",FALSE,"prefix_3d",19,"unusable"
"325M","3259A0",FALSE,"prefix_3d",19,"unusable"
"3261","326110",FALSE,"prefix_4d",7,"coarse"
"3261","326120",FALSE,"prefix_4d",7,"coarse"
"3261","326130",FALSE,"prefix_4d",7,"coarse"
"3261","326140",FALSE,"prefix_4d",7,"coarse"
"3261","326150",FALSE,"prefix_4d",7,"coarse"
"3261","326160",FALSE,"prefix_4d",7,"coarse"
"3261","326190",FALSE,"prefix_4d",7,"coarse"
"32621","326210",FALSE,"exact_6d",1,"clean"
"3262M","326210",FALSE,"prefix_4d",3,"acceptable"
"3262M","326220",FALSE,"prefix_4d",3,"acceptable"
"3262M","326290",FALSE,"prefix_4d",3,"acceptable"
"32711","327100",FALSE,"prefix_4d",1,"acceptable"
"32712","327100",FALSE,"prefix_4d",1,"acceptable"
"3272","327200",FALSE,"exact_6d",1,"clean"
"3279","327910",FALSE,"prefix_4d",5,"coarse"
"3279","327991",FALSE,"prefix_4d",5,"coarse"
"3279","327992",FALSE,"prefix_4d",5,"coarse"
"3279","327993",FALSE,"prefix_4d",5,"coarse"
"3279","327999",FALSE,"prefix_4d",5,"coarse"
"327M","327100",FALSE,"prefix_3d",12,"coarse"
"327M","327200",FALSE,"prefix_3d",12,"coarse"
"327M","327310",FALSE,"prefix_3d",12,"coarse"
"327M","327320",FALSE,"prefix_3d",12,"coarse"
"327M","327330",FALSE,"prefix_3d",12,"coarse"
"327M","327390",FALSE,"prefix_3d",12,"coarse"
"327M","327400",FALSE,"prefix_3d",12,"coarse"
"327M","327910",FALSE,"prefix_3d",12,"coarse"
"327M","327991",FALSE,"prefix_3d",12,"coarse"
"327M","327992",FALSE,"prefix_3d",12,"coarse"
"327M","327993",FALSE,"prefix_3d",12,"coarse"
"327M","327999",FALSE,"prefix_3d",12,"coarse"
"3313","331313",FALSE,"prefix_4d",3,"acceptable"
"3313","331314",FALSE,"prefix_4d",3,"acceptable"
"3313","33131B",FALSE,"prefix_4d",3,"acceptable"
"3314","331410",FALSE,"prefix_4d",3,"acceptable"
"3314","331420",FALSE,"prefix_4d",3,"acceptable"
"3314","331490",FALSE,"prefix_4d",3,"acceptable"
"3315","331510",FALSE,"prefix_4d",2,"acceptable"
"3315","331520",FALSE,"prefix_4d",2,"acceptable"
"331M","331110",FALSE,"prefix_3d",10,"coarse"
"331M","331200",FALSE,"prefix_3d",10,"coarse"
"331M","331313",FALSE,"prefix_3d",10,"coarse"
"331M","331314",FALSE,"prefix_3d",10,"coarse"
"331M","33131B",FALSE,"prefix_3d",10,"coarse"
"331M","331410",FALSE,"prefix_3d",10,"coarse"
"331M","331420",FALSE,"prefix_3d",10,"coarse"
"331M","331490",FALSE,"prefix_3d",10,"coarse"
"331M","331510",FALSE,"prefix_3d",10,"coarse"
"331M","331520",FALSE,"prefix_3d",10,"coarse"
"3321","332114",FALSE,"prefix_4d",3,"acceptable"
"3321","332119",FALSE,"prefix_4d",3,"acceptable"
"3321","33211A",FALSE,"prefix_4d",3,"acceptable"
"3322","332200",FALSE,"exact_6d",1,"clean"
"3327","332710",FALSE,"prefix_4d",2,"acceptable"
"3327","332720",FALSE,"prefix_4d",2,"acceptable"
"3328","332800",FALSE,"exact_6d",1,"clean"
"33299M","332991",FALSE,"prefix_5d",4,"acceptable"
"33299M","332996",FALSE,"prefix_5d",4,"acceptable"
"33299M","332999",FALSE,"prefix_5d",4,"acceptable"
"33299M","33299A",FALSE,"prefix_5d",4,"acceptable"
"332M","332114",FALSE,"prefix_3d",20,"unusable"
"332M","332119",FALSE,"prefix_3d",20,"unusable"
"332M","33211A",FALSE,"prefix_3d",20,"unusable"
"332M","332200",FALSE,"prefix_3d",20,"unusable"
"332M","332310",FALSE,"prefix_3d",20,"unusable"
"332M","332320",FALSE,"prefix_3d",20,"unusable"
"332M","332410",FALSE,"prefix_3d",20,"unusable"
"332M","332420",FALSE,"prefix_3d",20,"unusable"
"332M","332430",FALSE,"prefix_3d",20,"unusable"
"332M","332500",FALSE,"prefix_3d",20,"unusable"
"332M","332600",FALSE,"prefix_3d",20,"unusable"
"332M","332710",FALSE,"prefix_3d",20,"unusable"
"332M","332720",FALSE,"prefix_3d",20,"unusable"
"332M","332800",FALSE,"prefix_3d",20,"unusable"
"332M","332913",FALSE,"prefix_3d",20,"unusable"
"332M","33291A",FALSE,"prefix_3d",20,"unusable"
"332M","332991",FALSE,"prefix_3d",20,"unusable"
"332M","332996",FALSE,"prefix_3d",20,"unusable"
"332M","332999",FALSE,"prefix_3d",20,"unusable"
"332M","33299A",FALSE,"prefix_3d",20,"unusable"
"332MZ","332114",FALSE,"prefix_3d",20,"unusable"
"332MZ","332119",FALSE,"prefix_3d",20,"unusable"
"332MZ","33211A",FALSE,"prefix_3d",20,"unusable"
"332MZ","332200",FALSE,"prefix_3d",20,"unusable"
"332MZ","332310",FALSE,"prefix_3d",20,"unusable"
"332MZ","332320",FALSE,"prefix_3d",20,"unusable"
"332MZ","332410",FALSE,"prefix_3d",20,"unusable"
"332MZ","332420",FALSE,"prefix_3d",20,"unusable"
"332MZ","332430",FALSE,"prefix_3d",20,"unusable"
"332MZ","332500",FALSE,"prefix_3d",20,"unusable"
"332MZ","332600",FALSE,"prefix_3d",20,"unusable"
"332MZ","332710",FALSE,"prefix_3d",20,"unusable"
"332MZ","332720",FALSE,"prefix_3d",20,"unusable"
"332MZ","332800",FALSE,"prefix_3d",20,"unusable"
"332MZ","332913",FALSE,"prefix_3d",20,"unusable"
"332MZ","33291A",FALSE,"prefix_3d",20,"unusable"
"332MZ","332991",FALSE,"prefix_3d",20,"unusable"
"332MZ","332996",FALSE,"prefix_3d",20,"unusable"
"332MZ","332999",FALSE,"prefix_3d",20,"unusable"
"332MZ","33299A",FALSE,"prefix_3d",20,"unusable"
"33311","333111",FALSE,"prefix_5d",2,"acceptable"
"33311","333112",FALSE,"prefix_5d",2,"acceptable"
"3331M","333111",FALSE,"prefix_4d",4,"acceptable"
"3331M","333112",FALSE,"prefix_4d",4,"acceptable"
"3331M","333120",FALSE,"prefix_4d",4,"acceptable"
"3331M","333130",FALSE,"prefix_4d",4,"acceptable"
"3333","333314",FALSE,"prefix_4d",3,"acceptable"
"3333","333316",FALSE,"prefix_4d",3,"acceptable"
"3333","333318",FALSE,"prefix_4d",3,"acceptable"
"3335","333511",FALSE,"prefix_4d",4,"acceptable"
"3335","333514",FALSE,"prefix_4d",4,"acceptable"
"3335","333517",FALSE,"prefix_4d",4,"acceptable"
"3335","33351B",FALSE,"prefix_4d",4,"acceptable"
"3336","333611",FALSE,"prefix_4d",4,"acceptable"
"3336","333612",FALSE,"prefix_4d",4,"acceptable"
"3336","333613",FALSE,"prefix_4d",4,"acceptable"
"3336","333618",FALSE,"prefix_4d",4,"acceptable"
"333MS","333111",FALSE,"prefix_3d",28,"unusable"
"333MS","333112",FALSE,"prefix_3d",28,"unusable"
"333MS","333120",FALSE,"prefix_3d",28,"unusable"
"333MS","333130",FALSE,"prefix_3d",28,"unusable"
"333MS","333242",FALSE,"prefix_3d",28,"unusable"
"333MS","33329A",FALSE,"prefix_3d",28,"unusable"
"333MS","333314",FALSE,"prefix_3d",28,"unusable"
"333MS","333316",FALSE,"prefix_3d",28,"unusable"
"333MS","333318",FALSE,"prefix_3d",28,"unusable"
"333MS","333413",FALSE,"prefix_3d",28,"unusable"
"333MS","333414",FALSE,"prefix_3d",28,"unusable"
"333MS","333415",FALSE,"prefix_3d",28,"unusable"
"333MS","333511",FALSE,"prefix_3d",28,"unusable"
"333MS","333514",FALSE,"prefix_3d",28,"unusable"
"333MS","333517",FALSE,"prefix_3d",28,"unusable"
"333MS","33351B",FALSE,"prefix_3d",28,"unusable"
"333MS","333611",FALSE,"prefix_3d",28,"unusable"
"333MS","333612",FALSE,"prefix_3d",28,"unusable"
"333MS","333613",FALSE,"prefix_3d",28,"unusable"
"333MS","333618",FALSE,"prefix_3d",28,"unusable"
"333MS","333912",FALSE,"prefix_3d",28,"unusable"
"333MS","333914",FALSE,"prefix_3d",28,"unusable"
"333MS","333920",FALSE,"prefix_3d",28,"unusable"
"333MS","333991",FALSE,"prefix_3d",28,"unusable"
"333MS","333993",FALSE,"prefix_3d",28,"unusable"
"333MS","333994",FALSE,"prefix_3d",28,"unusable"
"333MS","33399A",FALSE,"prefix_3d",28,"unusable"
"333MS","33399B",FALSE,"prefix_3d",28,"unusable"
"3341","334111",FALSE,"prefix_4d",3,"acceptable"
"3341","334112",FALSE,"prefix_4d",3,"acceptable"
"3341","334118",FALSE,"prefix_4d",3,"acceptable"
"3345","334510",FALSE,"prefix_4d",9,"coarse"
"3345","334511",FALSE,"prefix_4d",9,"coarse"
"3345","334512",FALSE,"prefix_4d",9,"coarse"
"3345","334513",FALSE,"prefix_4d",9,"coarse"
"3345","334514",FALSE,"prefix_4d",9,"coarse"
"3345","334515",FALSE,"prefix_4d",9,"coarse"
"3345","334516",FALSE,"prefix_4d",9,"coarse"
"3345","334517",FALSE,"prefix_4d",9,"coarse"
"3345","33451A",FALSE,"prefix_4d",9,"coarse"
"334M1","334111",FALSE,"prefix_3d",20,"unusable"
"334M1","334112",FALSE,"prefix_3d",20,"unusable"
"334M1","334118",FALSE,"prefix_3d",20,"unusable"
"334M1","334210",FALSE,"prefix_3d",20,"unusable"
"334M1","334220",FALSE,"prefix_3d",20,"unusable"
"334M1","334290",FALSE,"prefix_3d",20,"unusable"
"334M1","334300",FALSE,"prefix_3d",20,"unusable"
"334M1","334413",FALSE,"prefix_3d",20,"unusable"
"334M1","334418",FALSE,"prefix_3d",20,"unusable"
"334M1","33441A",FALSE,"prefix_3d",20,"unusable"
"334M1","334510",FALSE,"prefix_3d",20,"unusable"
"334M1","334511",FALSE,"prefix_3d",20,"unusable"
"334M1","334512",FALSE,"prefix_3d",20,"unusable"
"334M1","334513",FALSE,"prefix_3d",20,"unusable"
"334M1","334514",FALSE,"prefix_3d",20,"unusable"
"334M1","334515",FALSE,"prefix_3d",20,"unusable"
"334M1","334516",FALSE,"prefix_3d",20,"unusable"
"334M1","334517",FALSE,"prefix_3d",20,"unusable"
"334M1","33451A",FALSE,"prefix_3d",20,"unusable"
"334M1","334610",FALSE,"prefix_3d",20,"unusable"
"334M2","334111",FALSE,"prefix_3d",20,"unusable"
"334M2","334112",FALSE,"prefix_3d",20,"unusable"
"334M2","334118",FALSE,"prefix_3d",20,"unusable"
"334M2","334210",FALSE,"prefix_3d",20,"unusable"
"334M2","334220",FALSE,"prefix_3d",20,"unusable"
"334M2","334290",FALSE,"prefix_3d",20,"unusable"
"334M2","334300",FALSE,"prefix_3d",20,"unusable"
"334M2","334413",FALSE,"prefix_3d",20,"unusable"
"334M2","334418",FALSE,"prefix_3d",20,"unusable"
"334M2","33441A",FALSE,"prefix_3d",20,"unusable"
"334M2","334510",FALSE,"prefix_3d",20,"unusable"
"334M2","334511",FALSE,"prefix_3d",20,"unusable"
"334M2","334512",FALSE,"prefix_3d",20,"unusable"
"334M2","334513",FALSE,"prefix_3d",20,"unusable"
"334M2","334514",FALSE,"prefix_3d",20,"unusable"
"334M2","334515",FALSE,"prefix_3d",20,"unusable"
"334M2","334516",FALSE,"prefix_3d",20,"unusable"
"334M2","334517",FALSE,"prefix_3d",20,"unusable"
"334M2","33451A",FALSE,"prefix_3d",20,"unusable"
"334M2","334610",FALSE,"prefix_3d",20,"unusable"
"3352","335210",FALSE,"prefix_4d",2,"acceptable"
"3352","335220",FALSE,"prefix_4d",2,"acceptable"
"335M","335110",FALSE,"prefix_3d",14,"coarse"
"335M","335120",FALSE,"prefix_3d",14,"coarse"
"335M","335210",FALSE,"prefix_3d",14,"coarse"
"335M","335220",FALSE,"prefix_3d",14,"coarse"
"335M","335311",FALSE,"prefix_3d",14,"coarse"
"335M","335312",FALSE,"prefix_3d",14,"coarse"
"335M","335313",FALSE,"prefix_3d",14,"coarse"
"335M","335314",FALSE,"prefix_3d",14,"coarse"
"335M","335911",FALSE,"prefix_3d",14,"coarse"
"335M","335912",FALSE,"prefix_3d",14,"coarse"
"335M","335920",FALSE,"prefix_3d",14,"coarse"
"335M","335930",FALSE,"prefix_3d",14,"coarse"
"335M","335991",FALSE,"prefix_3d",14,"coarse"
"335M","335999",FALSE,"prefix_3d",14,"coarse"
"33641M1","336411",FALSE,"prefix_5d",5,"coarse"
"33641M1","336412",FALSE,"prefix_5d",5,"coarse"
"33641M1","336413",FALSE,"prefix_5d",5,"coarse"
"33641M1","336414",FALSE,"prefix_5d",5,"coarse"
"33641M1","33641A",FALSE,"prefix_5d",5,"coarse"
"33641M2","336411",FALSE,"prefix_5d",5,"coarse"
"33641M2","336412",FALSE,"prefix_5d",5,"coarse"
"33641M2","336413",FALSE,"prefix_5d",5,"coarse"
"33641M2","336414",FALSE,"prefix_5d",5,"coarse"
"33641M2","33641A",FALSE,"prefix_5d",5,"coarse"
"3365","336500",FALSE,"exact_6d",1,"clean"
"3366","336611",FALSE,"prefix_4d",2,"acceptable"
"3366","336612",FALSE,"prefix_4d",2,"acceptable"
"3369","336991",FALSE,"prefix_4d",3,"acceptable"
"3369","336992",FALSE,"prefix_4d",3,"acceptable"
"3369","336999",FALSE,"prefix_4d",3,"acceptable"
"336M","336111",FALSE,"prefix_3d",25,"unusable"
"336M","336112",FALSE,"prefix_3d",25,"unusable"
"336M","336120",FALSE,"prefix_3d",25,"unusable"
"336M","336211",FALSE,"prefix_3d",25,"unusable"
"336M","336212",FALSE,"prefix_3d",25,"unusable"
"336M","336213",FALSE,"prefix_3d",25,"unusable"
"336M","336214",FALSE,"prefix_3d",25,"unusable"
"336M","336310",FALSE,"prefix_3d",25,"unusable"
"336M","336320",FALSE,"prefix_3d",25,"unusable"
"336M","336350",FALSE,"prefix_3d",25,"unusable"
"336M","336360",FALSE,"prefix_3d",25,"unusable"
"336M","336370",FALSE,"prefix_3d",25,"unusable"
"336M","336390",FALSE,"prefix_3d",25,"unusable"
"336M","3363A0",FALSE,"prefix_3d",25,"unusable"
"336M","336411",FALSE,"prefix_3d",25,"unusable"
"336M","336412",FALSE,"prefix_3d",25,"unusable"
"336M","336413",FALSE,"prefix_3d",25,"unusable"
"336M","336414",FALSE,"prefix_3d",25,"unusable"
"336M","33641A",FALSE,"prefix_3d",25,"unusable"
"336M","336500",FALSE,"prefix_3d",25,"unusable"
"336M","336611",FALSE,"prefix_3d",25,"unusable"
"336M","336612",FALSE,"prefix_3d",25,"unusable"
"336M","336991",FALSE,"prefix_3d",25,"unusable"
"336M","336992",FALSE,"prefix_3d",25,"unusable"
"336M","336999",FALSE,"prefix_3d",25,"unusable"
"337","337110",FALSE,"prefix_3d",8,"coarse"
"337","337121",FALSE,"prefix_3d",8,"coarse"
"337","337122",FALSE,"prefix_3d",8,"coarse"
"337","337127",FALSE,"prefix_3d",8,"coarse"
"337","33712N",FALSE,"prefix_3d",8,"coarse"
"337","337215",FALSE,"prefix_3d",8,"coarse"
"337","33721A",FALSE,"prefix_3d",8,"coarse"
"337","337900",FALSE,"prefix_3d",8,"coarse"
"3391","339112",FALSE,"prefix_4d",5,"coarse"
"3391","339113",FALSE,"prefix_4d",5,"coarse"
"3391","339114",FALSE,"prefix_4d",5,"coarse"
"3391","339115",FALSE,"prefix_4d",5,"coarse"
"3391","339116",FALSE,"prefix_4d",5,"coarse"
"3399M","339910",FALSE,"prefix_4d",6,"coarse"
"3399M","339920",FALSE,"prefix_4d",6,"coarse"
"3399M","339930",FALSE,"prefix_4d",6,"coarse"
"3399M","339940",FALSE,"prefix_4d",6,"coarse"
"3399M","339950",FALSE,"prefix_4d",6,"coarse"
"3399M","339990",FALSE,"prefix_4d",6,"coarse"
"3399ZM","339910",FALSE,"prefix_4d",6,"coarse"
"3399ZM","339920",FALSE,"prefix_4d",6,"coarse"
"3399ZM","339930",FALSE,"prefix_4d",6,"coarse"
"3399ZM","339940",FALSE,"prefix_4d",6,"coarse"
"3399ZM","339950",FALSE,"prefix_4d",6,"coarse"
"3399ZM","339990",FALSE,"prefix_4d",6,"coarse"
"33MS","331110",FALSE,"prefix_2d",136,"unusable"
"33MS","331200",FALSE,"prefix_2d",136,"unusable"
"33MS","331313",FALSE,"prefix_2d",136,"unusable"
"33MS","331314",FALSE,"prefix_2d",136,"unusable"
"33MS","33131B",FALSE,"prefix_2d",136,"unusable"
"33MS","331410",FALSE,"prefix_2d",136,"unusable"
"33MS","331420",FALSE,"prefix_2d",136,"unusable"
"33MS","331490",FALSE,"prefix_2d",136,"unusable"
"33MS","331510",FALSE,"prefix_2d",136,"unusable"
"33MS","331520",FALSE,"prefix_2d",136,"unusable"
"33MS","332114",FALSE,"prefix_2d",136,"unusable"
"33MS","332119",FALSE,"prefix_2d",136,"unusable"
"33MS","33211A",FALSE,"prefix_2d",136,"unusable"
"33MS","332200",FALSE,"prefix_2d",136,"unusable"
"33MS","332310",FALSE,"prefix_2d",136,"unusable"
"33MS","332320",FALSE,"prefix_2d",136,"unusable"
"33MS","332410",FALSE,"prefix_2d",136,"unusable"
"33MS","332420",FALSE,"prefix_2d",136,"unusable"
"33MS","332430",FALSE,"prefix_2d",136,"unusable"
"33MS","332500",FALSE,"prefix_2d",136,"unusable"
"33MS","332600",FALSE,"prefix_2d",136,"unusable"
"33MS","332710",FALSE,"prefix_2d",136,"unusable"
"33MS","332720",FALSE,"prefix_2d",136,"unusable"
"33MS","332800",FALSE,"prefix_2d",136,"unusable"
"33MS","332913",FALSE,"prefix_2d",136,"unusable"
"33MS","33291A",FALSE,"prefix_2d",136,"unusable"
"33MS","332991",FALSE,"prefix_2d",136,"unusable"
"33MS","332996",FALSE,"prefix_2d",136,"unusable"
"33MS","332999",FALSE,"prefix_2d",136,"unusable"
"33MS","33299A",FALSE,"prefix_2d",136,"unusable"
"33MS","333111",FALSE,"prefix_2d",136,"unusable"
"33MS","333112",FALSE,"prefix_2d",136,"unusable"
"33MS","333120",FALSE,"prefix_2d",136,"unusable"
"33MS","333130",FALSE,"prefix_2d",136,"unusable"
"33MS","333242",FALSE,"prefix_2d",136,"unusable"
"33MS","33329A",FALSE,"prefix_2d",136,"unusable"
"33MS","333314",FALSE,"prefix_2d",136,"unusable"
"33MS","333316",FALSE,"prefix_2d",136,"unusable"
"33MS","333318",FALSE,"prefix_2d",136,"unusable"
"33MS","333413",FALSE,"prefix_2d",136,"unusable"
"33MS","333414",FALSE,"prefix_2d",136,"unusable"
"33MS","333415",FALSE,"prefix_2d",136,"unusable"
"33MS","333511",FALSE,"prefix_2d",136,"unusable"
"33MS","333514",FALSE,"prefix_2d",136,"unusable"
"33MS","333517",FALSE,"prefix_2d",136,"unusable"
"33MS","33351B",FALSE,"prefix_2d",136,"unusable"
"33MS","333611",FALSE,"prefix_2d",136,"unusable"
"33MS","333612",FALSE,"prefix_2d",136,"unusable"
"33MS","333613",FALSE,"prefix_2d",136,"unusable"
"33MS","333618",FALSE,"prefix_2d",136,"unusable"
"33MS","333912",FALSE,"prefix_2d",136,"unusable"
"33MS","333914",FALSE,"prefix_2d",136,"unusable"
"33MS","333920",FALSE,"prefix_2d",136,"unusable"
"33MS","333991",FALSE,"prefix_2d",136,"unusable"
"33MS","333993",FALSE,"prefix_2d",136,"unusable"
"33MS","333994",FALSE,"prefix_2d",136,"unusable"
"33MS","33399A",FALSE,"prefix_2d",136,"unusable"
"33MS","33399B",FALSE,"prefix_2d",136,"unusable"
"33MS","334111",FALSE,"prefix_2d",136,"unusable"
"33MS","334112",FALSE,"prefix_2d",136,"unusable"
"33MS","334118",FALSE,"prefix_2d",136,"unusable"
"33MS","334210",FALSE,"prefix_2d",136,"unusable"
"33MS","334220",FALSE,"prefix_2d",136,"unusable"
"33MS","334290",FALSE,"prefix_2d",136,"unusable"
"33MS","334300",FALSE,"prefix_2d",136,"unusable"
"33MS","334413",FALSE,"prefix_2d",136,"unusable"
"33MS","334418",FALSE,"prefix_2d",136,"unusable"
"33MS","33441A",FALSE,"prefix_2d",136,"unusable"
"33MS","334510",FALSE,"prefix_2d",136,"unusable"
"33MS","334511",FALSE,"prefix_2d",136,"unusable"
"33MS","334512",FALSE,"prefix_2d",136,"unusable"
"33MS","334513",FALSE,"prefix_2d",136,"unusable"
"33MS","334514",FALSE,"prefix_2d",136,"unusable"
"33MS","334515",FALSE,"prefix_2d",136,"unusable"
"33MS","334516",FALSE,"prefix_2d",136,"unusable"
"33MS","334517",FALSE,"prefix_2d",136,"unusable"
"33MS","33451A",FALSE,"prefix_2d",136,"unusable"
"33MS","334610",FALSE,"prefix_2d",136,"unusable"
"33MS","335110",FALSE,"prefix_2d",136,"unusable"
"33MS","335120",FALSE,"prefix_2d",136,"unusable"
"33MS","335210",FALSE,"prefix_2d",136,"unusable"
"33MS","335220",FALSE,"prefix_2d",136,"unusable"
"33MS","335311",FALSE,"prefix_2d",136,"unusable"
"33MS","335312",FALSE,"prefix_2d",136,"unusable"
"33MS","335313",FALSE,"prefix_2d",136,"unusable"
"33MS","335314",FALSE,"prefix_2d",136,"unusable"
"33MS","335911",FALSE,"prefix_2d",136,"unusable"
"33MS","335912",FALSE,"prefix_2d",136,"unusable"
"33MS","335920",FALSE,"prefix_2d",136,"unusable"
"33MS","335930",FALSE,"prefix_2d",136,"unusable"
"33MS","335991",FALSE,"prefix_2d",136,"unusable"
"33MS","335999",FALSE,"prefix_2d",136,"unusable"
"33MS","336111",FALSE,"prefix_2d",136,"unusable"
"33MS","336112",FALSE,"prefix_2d",136,"unusable"
"33MS","336120",FALSE,"prefix_2d",136,"unusable"
"33MS","336211",FALSE,"prefix_2d",136,"unusable"
"33MS","336212",FALSE,"prefix_2d",136,"unusable"
"33MS","336213",FALSE,"prefix_2d",136,"unusable"
"33MS","336214",FALSE,"prefix_2d",136,"unusable"
"33MS","336310",FALSE,"prefix_2d",136,"unusable"
"33MS","336320",FALSE,"prefix_2d",136,"unusable"
"33MS","336350",FALSE,"prefix_2d",136,"unusable"
"33MS","336360",FALSE,"prefix_2d",136,"unusable"
"33MS","336370",FALSE,"prefix_2d",136,"unusable"
"33MS","336390",FALSE,"prefix_2d",136,"unusable"
"33MS","3363A0",FALSE,"prefix_2d",136,"unusable"
"33MS","336411",FALSE,"prefix_2d",136,"unusable"
"33MS","336412",FALSE,"prefix_2d",136,"unusable"
"33MS","336413",FALSE,"prefix_2d",136,"unusable"
"33MS","336414",FALSE,"prefix_2d",136,"unusable"
"33MS","33641A",FALSE,"prefix_2d",136,"unusable"
"33MS","336500",FALSE,"prefix_2d",136,"unusable"
"33MS","336611",FALSE,"prefix_2d",136,"unusable"
"33MS","336612",FALSE,"prefix_2d",136,"unusable"
"33MS","336991",FALSE,"prefix_2d",136,"unusable"
"33MS","336992",FALSE,"prefix_2d",136,"unusable"
"33MS","336999",FALSE,"prefix_2d",136,"unusable"
"33MS","337110",FALSE,"prefix_2d",136,"unusable"
"33MS","337121",FALSE,"prefix_2d",136,"unusable"
"33MS","337122",FALSE,"prefix_2d",136,"unusable"
"33MS","337127",FALSE,"prefix_2d",136,"unusable"
"33MS","33712N",FALSE,"prefix_2d",136,"unusable"
"33MS","337215",FALSE,"prefix_2d",136,"unusable"
"33MS","33721A",FALSE,"prefix_2d",136,"unusable"
"33MS","337900",FALSE,"prefix_2d",136,"unusable"
"33MS","339112",FALSE,"prefix_2d",136,"unusable"
"33MS","339113",FALSE,"prefix_2d",136,"unusable"
"33MS","339114",FALSE,"prefix_2d",136,"unusable"
"33MS","339115",FALSE,"prefix_2d",136,"unusable"
"33MS","339116",FALSE,"prefix_2d",136,"unusable"
"33MS","339910",FALSE,"prefix_2d",136,"unusable"
"33MS","339920",FALSE,"prefix_2d",136,"unusable"
"33MS","339930",FALSE,"prefix_2d",136,"unusable"
"33MS","339940",FALSE,"prefix_2d",136,"unusable"
"33MS","339950",FALSE,"prefix_2d",136,"unusable"
"33MS","339990",FALSE,"prefix_2d",136,"unusable"
"4231","423100",FALSE,"exact_6d",1,"clean"
"4232","423A00",FALSE,"exact_6d",1,"clean"
"4233","423A00",FALSE,"exact_6d",1,"clean"
"4234","423400",FALSE,"exact_6d",1,"clean"
"4235","423A00",FALSE,"exact_6d",1,"clean"
"4236","423600",FALSE,"exact_6d",1,"clean"
"4237","423A00",FALSE,"exact_6d",1,"clean"
"4238","423800",FALSE,"exact_6d",1,"clean"
"42393","423A00",FALSE,"prefix_4d",1,"acceptable"
"4239Z","423A00",FALSE,"prefix_4d",1,"acceptable"
"4241","424A00",FALSE,"exact_6d",1,"clean"
"4243","424A00",FALSE,"exact_6d",1,"clean"
"4244","424400",FALSE,"exact_6d",1,"clean"
"4245","424A00",FALSE,"exact_6d",1,"clean"
"4247","424700",FALSE,"exact_6d",1,"clean"
"4248","424A00",FALSE,"exact_6d",1,"clean"
"42491","424A00",FALSE,"prefix_4d",1,"acceptable"
"4249Z","424A00",FALSE,"prefix_4d",1,"acceptable"
"424M","424200",FALSE,"prefix_3d",4,"acceptable"
"424M","424400",FALSE,"prefix_3d",4,"acceptable"
"424M","424700",FALSE,"prefix_3d",4,"acceptable"
"424M","424A00",FALSE,"prefix_3d",4,"acceptable"
"4251","425000",FALSE,"prefix_3d",1,"acceptable"
"42S","423100",FALSE,"prefix_2d",10,"coarse"
"42S","423400",FALSE,"prefix_2d",10,"coarse"
"42S","423600",FALSE,"prefix_2d",10,"coarse"
"42S","423800",FALSE,"prefix_2d",10,"coarse"
"42S","423A00",FALSE,"prefix_2d",10,"coarse"
"42S","424200",FALSE,"prefix_2d",10,"coarse"
"42S","424400",FALSE,"prefix_2d",10,"coarse"
"42S","424700",FALSE,"prefix_2d",10,"coarse"
"42S","424A00",FALSE,"prefix_2d",10,"coarse"
"42S","425000",FALSE,"prefix_2d",10,"coarse"
"4411","441000",FALSE,"prefix_3d",1,"acceptable"
"4412","441000",FALSE,"prefix_3d",1,"acceptable"
"4413","441000",FALSE,"prefix_3d",1,"acceptable"
"44414","444000",FALSE,"prefix_3d",1,"acceptable"
"4441Z","444000",FALSE,"prefix_3d",1,"acceptable"
"4442","444000",FALSE,"prefix_3d",1,"acceptable"
"44511","445000",FALSE,"prefix_3d",1,"acceptable"
"44513","445000",FALSE,"prefix_3d",1,"acceptable"
"4452","445000",FALSE,"prefix_3d",1,"acceptable"
"4453","445000",FALSE,"prefix_3d",1,"acceptable"
"4491","441000",FALSE,"prefix_2d",7,"coarse"
"4491","444000",FALSE,"prefix_2d",7,"coarse"
"4491","445000",FALSE,"prefix_2d",7,"coarse"
"4491","446000",FALSE,"prefix_2d",7,"coarse"
"4491","447000",FALSE,"prefix_2d",7,"coarse"
"4491","448000",FALSE,"prefix_2d",7,"coarse"
"4491","4B0000",FALSE,"prefix_2d",7,"coarse"
"4492","441000",FALSE,"prefix_2d",7,"coarse"
"4492","444000",FALSE,"prefix_2d",7,"coarse"
"4492","445000",FALSE,"prefix_2d",7,"coarse"
"4492","446000",FALSE,"prefix_2d",7,"coarse"
"4492","447000",FALSE,"prefix_2d",7,"coarse"
"4492","448000",FALSE,"prefix_2d",7,"coarse"
"4492","4B0000",FALSE,"prefix_2d",7,"coarse"
"4551","452000",FALSE,"prefix_2d",3,"acceptable"
"4551","454000",FALSE,"prefix_2d",3,"acceptable"
"4551","4B0000",FALSE,"prefix_2d",3,"acceptable"
"4552","452000",FALSE,"prefix_2d",3,"acceptable"
"4552","454000",FALSE,"prefix_2d",3,"acceptable"
"4552","4B0000",FALSE,"prefix_2d",3,"acceptable"
"45611","452000",FALSE,"prefix_2d",3,"acceptable"
"45611","454000",FALSE,"prefix_2d",3,"acceptable"
"45611","4B0000",FALSE,"prefix_2d",3,"acceptable"
"4561Z","452000",FALSE,"prefix_2d",3,"acceptable"
"4561Z","454000",FALSE,"prefix_2d",3,"acceptable"
"4561Z","4B0000",FALSE,"prefix_2d",3,"acceptable"
"4571","452000",FALSE,"prefix_2d",3,"acceptable"
"4571","454000",FALSE,"prefix_2d",3,"acceptable"
"4571","4B0000",FALSE,"prefix_2d",3,"acceptable"
"4572","452000",FALSE,"prefix_2d",3,"acceptable"
"4572","454000",FALSE,"prefix_2d",3,"acceptable"
"4572","4B0000",FALSE,"prefix_2d",3,"acceptable"
"4581","452000",FALSE,"prefix_2d",3,"acceptable"
"4581","454000",FALSE,"prefix_2d",3,"acceptable"
"4581","4B0000",FALSE,"prefix_2d",3,"acceptable"
"4582","452000",FALSE,"prefix_2d",3,"acceptable"
"4582","454000",FALSE,"prefix_2d",3,"acceptable"
"4582","4B0000",FALSE,"prefix_2d",3,"acceptable"
"4583","452000",FALSE,"prefix_2d",3,"acceptable"
"4583","454000",FALSE,"prefix_2d",3,"acceptable"
"4583","4B0000",FALSE,"prefix_2d",3,"acceptable"
"45913","452000",FALSE,"prefix_2d",3,"acceptable"
"45913","454000",FALSE,"prefix_2d",3,"acceptable"
"45913","4B0000",FALSE,"prefix_2d",3,"acceptable"
"45914","452000",FALSE,"prefix_2d",3,"acceptable"
"45914","454000",FALSE,"prefix_2d",3,"acceptable"
"45914","4B0000",FALSE,"prefix_2d",3,"acceptable"
"4591M","452000",FALSE,"prefix_2d",3,"acceptable"
"4591M","454000",FALSE,"prefix_2d",3,"acceptable"
"4591M","4B0000",FALSE,"prefix_2d",3,"acceptable"
"45921","452000",FALSE,"prefix_2d",3,"acceptable"
"45921","454000",FALSE,"prefix_2d",3,"acceptable"
"45921","4B0000",FALSE,"prefix_2d",3,"acceptable"
"4593","452000",FALSE,"prefix_2d",3,"acceptable"
"4593","454000",FALSE,"prefix_2d",3,"acceptable"
"4593","4B0000",FALSE,"prefix_2d",3,"acceptable"
"45941","452000",FALSE,"prefix_2d",3,"acceptable"
"45941","454000",FALSE,"prefix_2d",3,"acceptable"
"45941","4B0000",FALSE,"prefix_2d",3,"acceptable"
"45942","452000",FALSE,"prefix_2d",3,"acceptable"
"45942","454000",FALSE,"prefix_2d",3,"acceptable"
"45942","4B0000",FALSE,"prefix_2d",3,"acceptable"
"4595","452000",FALSE,"prefix_2d",3,"acceptable"
"4595","454000",FALSE,"prefix_2d",3,"acceptable"
"4595","4B0000",FALSE,"prefix_2d",3,"acceptable"
"4599","452000",FALSE,"prefix_2d",3,"acceptable"
"4599","454000",FALSE,"prefix_2d",3,"acceptable"
"4599","4B0000",FALSE,"prefix_2d",3,"acceptable"
"481","481000",FALSE,"exact_6d",1,"clean"
"482","482000",FALSE,"exact_6d",1,"clean"
"483","483000",FALSE,"exact_6d",1,"clean"
"484","484000",FALSE,"exact_6d",1,"clean"
"4853","485000",FALSE,"prefix_3d",1,"acceptable"
"485M","485000",FALSE,"prefix_3d",1,"acceptable"
"486","486000",FALSE,"exact_6d",1,"clean"
"487","48A000",FALSE,"exact_6d",1,"clean"
"488","48A000",FALSE,"exact_6d",1,"clean"
"491","491000",FALSE,"exact_6d",1,"clean"
"492","492000",FALSE,"exact_6d",1,"clean"
"493","493000",FALSE,"exact_6d",1,"clean"
"5121","512100",FALSE,"exact_6d",1,"clean"
"5122","512200",FALSE,"exact_6d",1,"clean"
"51311","511110",FALSE,"prefix_2d",15,"coarse"
"51311","511120",FALSE,"prefix_2d",15,"coarse"
"51311","511130",FALSE,"prefix_2d",15,"coarse"
"51311","5111A0",FALSE,"prefix_2d",15,"coarse"
"51311","511200",FALSE,"prefix_2d",15,"coarse"
"51311","512100",FALSE,"prefix_2d",15,"coarse"
"51311","512200",FALSE,"prefix_2d",15,"coarse"
"51311","515100",FALSE,"prefix_2d",15,"coarse"
"51311","515200",FALSE,"prefix_2d",15,"coarse"
"51311","517110",FALSE,"prefix_2d",15,"coarse"
"51311","517210",FALSE,"prefix_2d",15,"coarse"
"51311","517A00",FALSE,"prefix_2d",15,"coarse"
"51311","518200",FALSE,"prefix_2d",15,"coarse"
"51311","519130",FALSE,"prefix_2d",15,"coarse"
"51311","5191A0",FALSE,"prefix_2d",15,"coarse"
"5131Z","511110",FALSE,"prefix_2d",15,"coarse"
"5131Z","511120",FALSE,"prefix_2d",15,"coarse"
"5131Z","511130",FALSE,"prefix_2d",15,"coarse"
"5131Z","5111A0",FALSE,"prefix_2d",15,"coarse"
"5131Z","511200",FALSE,"prefix_2d",15,"coarse"
"5131Z","512100",FALSE,"prefix_2d",15,"coarse"
"5131Z","512200",FALSE,"prefix_2d",15,"coarse"
"5131Z","515100",FALSE,"prefix_2d",15,"coarse"
"5131Z","515200",FALSE,"prefix_2d",15,"coarse"
"5131Z","517110",FALSE,"prefix_2d",15,"coarse"
"5131Z","517210",FALSE,"prefix_2d",15,"coarse"
"5131Z","517A00",FALSE,"prefix_2d",15,"coarse"
"5131Z","518200",FALSE,"prefix_2d",15,"coarse"
"5131Z","519130",FALSE,"prefix_2d",15,"coarse"
"5131Z","5191A0",FALSE,"prefix_2d",15,"coarse"
"5132","511110",FALSE,"prefix_2d",15,"coarse"
"5132","511120",FALSE,"prefix_2d",15,"coarse"
"5132","511130",FALSE,"prefix_2d",15,"coarse"
"5132","5111A0",FALSE,"prefix_2d",15,"coarse"
"5132","511200",FALSE,"prefix_2d",15,"coarse"
"5132","512100",FALSE,"prefix_2d",15,"coarse"
"5132","512200",FALSE,"prefix_2d",15,"coarse"
"5132","515100",FALSE,"prefix_2d",15,"coarse"
"5132","515200",FALSE,"prefix_2d",15,"coarse"
"5132","517110",FALSE,"prefix_2d",15,"coarse"
"5132","517210",FALSE,"prefix_2d",15,"coarse"
"5132","517A00",FALSE,"prefix_2d",15,"coarse"
"5132","518200",FALSE,"prefix_2d",15,"coarse"
"5132","519130",FALSE,"prefix_2d",15,"coarse"
"5132","5191A0",FALSE,"prefix_2d",15,"coarse"
"516","511110",FALSE,"prefix_2d",15,"coarse"
"516","511120",FALSE,"prefix_2d",15,"coarse"
"516","511130",FALSE,"prefix_2d",15,"coarse"
"516","5111A0",FALSE,"prefix_2d",15,"coarse"
"516","511200",FALSE,"prefix_2d",15,"coarse"
"516","512100",FALSE,"prefix_2d",15,"coarse"
"516","512200",FALSE,"prefix_2d",15,"coarse"
"516","515100",FALSE,"prefix_2d",15,"coarse"
"516","515200",FALSE,"prefix_2d",15,"coarse"
"516","517110",FALSE,"prefix_2d",15,"coarse"
"516","517210",FALSE,"prefix_2d",15,"coarse"
"516","517A00",FALSE,"prefix_2d",15,"coarse"
"516","518200",FALSE,"prefix_2d",15,"coarse"
"516","519130",FALSE,"prefix_2d",15,"coarse"
"516","5191A0",FALSE,"prefix_2d",15,"coarse"
"517111","517110",FALSE,"prefix_3d",3,"acceptable"
"517111","517210",FALSE,"prefix_3d",3,"acceptable"
"517111","517A00",FALSE,"prefix_3d",3,"acceptable"
"517Z","517110",FALSE,"prefix_3d",3,"acceptable"
"517Z","517210",FALSE,"prefix_3d",3,"acceptable"
"517Z","517A00",FALSE,"prefix_3d",3,"acceptable"
"5182","518200",FALSE,"exact_6d",1,"clean"
"51921","519130",FALSE,"prefix_3d",2,"acceptable"
"51921","5191A0",FALSE,"prefix_3d",2,"acceptable"
"51929","519130",FALSE,"prefix_3d",2,"acceptable"
"51929","5191A0",FALSE,"prefix_3d",2,"acceptable"
"5221M","52A000",FALSE,"prefix_4d",1,"acceptable"
"522M","522A00",FALSE,"prefix_3d",2,"acceptable"
"522M","52A000",FALSE,"prefix_3d",2,"acceptable"
"5241","524113",FALSE,"prefix_4d",2,"acceptable"
"5241","5241XX",FALSE,"prefix_4d",2,"acceptable"
"5242","524200",FALSE,"exact_6d",1,"clean"
"52M2","522A00",FALSE,"prefix_2d",8,"coarse"
"52M2","523900",FALSE,"prefix_2d",8,"coarse"
"52M2","523A00",FALSE,"prefix_2d",8,"coarse"
"52M2","524113",FALSE,"prefix_2d",8,"coarse"
"52M2","5241XX",FALSE,"prefix_2d",8,"coarse"
"52M2","524200",FALSE,"prefix_2d",8,"coarse"
"52M2","525000",FALSE,"prefix_2d",8,"coarse"
"52M2","52A000",FALSE,"prefix_2d",8,"coarse"
"52M3","522A00",FALSE,"prefix_2d",8,"coarse"
"52M3","523900",FALSE,"prefix_2d",8,"coarse"
"52M3","523A00",FALSE,"prefix_2d",8,"coarse"
"52M3","524113",FALSE,"prefix_2d",8,"coarse"
"52M3","5241XX",FALSE,"prefix_2d",8,"coarse"
"52M3","524200",FALSE,"prefix_2d",8,"coarse"
"52M3","525000",FALSE,"prefix_2d",8,"coarse"
"52M3","52A000",FALSE,"prefix_2d",8,"coarse"
"5313","531HST",FALSE,"prefix_3d",2,"acceptable"
"5313","531ORE",FALSE,"prefix_3d",2,"acceptable"
"531M","531HST",FALSE,"prefix_3d",2,"acceptable"
"531M","531ORE",FALSE,"prefix_3d",2,"acceptable"
"5321","532100",FALSE,"exact_6d",1,"clean"
"532M2","532100",FALSE,"prefix_3d",3,"acceptable"
"532M2","532400",FALSE,"prefix_3d",3,"acceptable"
"532M2","532A00",FALSE,"prefix_3d",3,"acceptable"
"53M","531HST",FALSE,"prefix_2d",6,"coarse"
"53M","531ORE",FALSE,"prefix_2d",6,"coarse"
"53M","532100",FALSE,"prefix_2d",6,"coarse"
"53M","532400",FALSE,"prefix_2d",6,"coarse"
"53M","532A00",FALSE,"prefix_2d",6,"coarse"
"53M","533000",FALSE,"prefix_2d",6,"coarse"
"5411","541100",FALSE,"exact_6d",1,"clean"
"5412","541200",FALSE,"exact_6d",1,"clean"
"5413","541300",FALSE,"exact_6d",1,"clean"
"5414","541400",FALSE,"exact_6d",1,"clean"
"5415","541511",FALSE,"prefix_4d",3,"acceptable"
"5415","541512",FALSE,"prefix_4d",3,"acceptable"
"5415","54151A",FALSE,"prefix_4d",3,"acceptable"
"5416","541610",FALSE,"prefix_4d",2,"acceptable"
"5416","5416A0",FALSE,"prefix_4d",2,"acceptable"
"5417","541700",FALSE,"exact_6d",1,"clean"
"5418","541800",FALSE,"exact_6d",1,"clean"
"54194","541940",FALSE,"exact_6d",1,"clean"
"5419Z","541920",FALSE,"prefix_4d",3,"acceptable"
"5419Z","541940",FALSE,"prefix_4d",3,"acceptable"
"5419Z","5419A0",FALSE,"prefix_4d",3,"acceptable"
"55","550000",FALSE,"exact_6d",1,"clean"
"5613","561300",FALSE,"exact_6d",1,"clean"
"5614","561400",FALSE,"exact_6d",1,"clean"
"5615","561500",FALSE,"exact_6d",1,"clean"
"5616","561600",FALSE,"exact_6d",1,"clean"
"56173","561700",FALSE,"prefix_4d",1,"acceptable"
"5617Z","561700",FALSE,"prefix_4d",1,"acceptable"
"561M","561100",FALSE,"prefix_3d",8,"coarse"
"561M","561200",FALSE,"prefix_3d",8,"coarse"
"561M","561300",FALSE,"prefix_3d",8,"coarse"
"561M","561400",FALSE,"prefix_3d",8,"coarse"
"561M","561500",FALSE,"prefix_3d",8,"coarse"
"561M","561600",FALSE,"prefix_3d",8,"coarse"
"561M","561700",FALSE,"prefix_3d",8,"coarse"
"561M","561900",FALSE,"prefix_3d",8,"coarse"
"562","562000",FALSE,"exact_6d",1,"clean"
"6111","611100",FALSE,"exact_6d",1,"clean"
"611M1","611100",FALSE,"prefix_3d",3,"acceptable"
"611M1","611A00",FALSE,"prefix_3d",3,"acceptable"
"611M1","611B00",FALSE,"prefix_3d",3,"acceptable"
"611M2","611100",FALSE,"prefix_3d",3,"acceptable"
"611M2","611A00",FALSE,"prefix_3d",3,"acceptable"
"611M2","611B00",FALSE,"prefix_3d",3,"acceptable"
"611M3","611100",FALSE,"prefix_3d",3,"acceptable"
"611M3","611A00",FALSE,"prefix_3d",3,"acceptable"
"611M3","611B00",FALSE,"prefix_3d",3,"acceptable"
"6211","621100",FALSE,"exact_6d",1,"clean"
"6212","621200",FALSE,"exact_6d",1,"clean"
"62131","621300",FALSE,"prefix_4d",1,"acceptable"
"62132","621300",FALSE,"prefix_4d",1,"acceptable"
"6213ZM","621300",FALSE,"prefix_4d",1,"acceptable"
"6214","621400",FALSE,"exact_6d",1,"clean"
"6216","621600",FALSE,"exact_6d",1,"clean"
"621M","621100",FALSE,"prefix_3d",7,"coarse"
"621M","621200",FALSE,"prefix_3d",7,"coarse"
"621M","621300",FALSE,"prefix_3d",7,"coarse"
"621M","621400",FALSE,"prefix_3d",7,"coarse"
"621M","621500",FALSE,"prefix_3d",7,"coarse"
"621M","621600",FALSE,"prefix_3d",7,"coarse"
"621M","621900",FALSE,"prefix_3d",7,"coarse"
"6222","622000",FALSE,"prefix_3d",1,"acceptable"
"622M","622000",FALSE,"prefix_3d",1,"acceptable"
"6231","623A00",FALSE,"exact_6d",1,"clean"
"623M","623A00",FALSE,"prefix_3d",2,"acceptable"
"623M","623B00",FALSE,"prefix_3d",2,"acceptable"
"6241","624100",FALSE,"exact_6d",1,"clean"
"6242","624A00",FALSE,"exact_6d",1,"clean"
"6243","624A00",FALSE,"exact_6d",1,"clean"
"6244","624400",FALSE,"exact_6d",1,"clean"
"7111","711100",FALSE,"exact_6d",1,"clean"
"7112","711200",FALSE,"exact_6d",1,"clean"
"7115","711500",FALSE,"exact_6d",1,"clean"
"711M","711100",FALSE,"prefix_3d",4,"acceptable"
"711M","711200",FALSE,"prefix_3d",4,"acceptable"
"711M","711500",FALSE,"prefix_3d",4,"acceptable"
"711M","711A00",FALSE,"prefix_3d",4,"acceptable"
"712","712000",FALSE,"exact_6d",1,"clean"
"71395","713900",FALSE,"prefix_4d",1,"acceptable"
"713Z","713100",FALSE,"prefix_3d",3,"acceptable"
"713Z","713200",FALSE,"prefix_3d",3,"acceptable"
"713Z","713900",FALSE,"prefix_3d",3,"acceptable"
"7211","721000",FALSE,"prefix_3d",1,"acceptable"
"721M","721000",FALSE,"prefix_3d",1,"acceptable"
"7224","722A00",FALSE,"exact_6d",1,"clean"
"722Z","722110",FALSE,"prefix_3d",3,"acceptable"
"722Z","722211",FALSE,"prefix_3d",3,"acceptable"
"722Z","722A00",FALSE,"prefix_3d",3,"acceptable"
"811192","811100",FALSE,"prefix_4d",1,"acceptable"
"8111Z","811100",FALSE,"prefix_4d",1,"acceptable"
"8112","811200",FALSE,"exact_6d",1,"clean"
"8113","811300",FALSE,"exact_6d",1,"clean"
"8114","811400",FALSE,"exact_6d",1,"clean"
"812111","812100",FALSE,"prefix_4d",1,"acceptable"
"812112","812100",FALSE,"prefix_4d",1,"acceptable"
"8121M","812100",FALSE,"prefix_4d",1,"acceptable"
"8122","812200",FALSE,"exact_6d",1,"clean"
"8123","812300",FALSE,"exact_6d",1,"clean"
"8129","812900",FALSE,"exact_6d",1,"clean"
"8131","813100",FALSE,"exact_6d",1,"clean"
"81393","813B00",FALSE,"prefix_4d",1,"acceptable"
"8139Z","813B00",FALSE,"prefix_4d",1,"acceptable"
"813M","813100",FALSE,"prefix_3d",3,"acceptable"
"813M","813A00",FALSE,"prefix_3d",3,"acceptable"
"813M","813B00",FALSE,"prefix_3d",3,"acceptable"
"814","814000",FALSE,"exact_6d",1,"clean"
"92113","928120",FALSE,"manual_govt",1,"clean"
"92119","928120",FALSE,"manual_govt",1,"clean"
"9211MP","928110",FALSE,"manual_govt",1,"clean"
"923","928110",FALSE,"manual_govt",1,"clean"
"92811P1","928110",FALSE,"manual_govt",1,"clean"
"92811P2","928110",FALSE,"manual_govt",1,"clean"
"92811P3","928110",FALSE,"manual_govt",1,"clean"
"92811P4","928110",FALSE,"manual_govt",1,"clean"
"92811P5","928110",FALSE,"manual_govt",1,"clean"
"92811P6","928110",FALSE,"manual_govt",1,"clean"
"92811P7","928110",FALSE,"manual_govt",1,"clean"
"9281P","928110",FALSE,"manual_govt",1,"clean"
"92M1","928110",FALSE,"manual_govt",1,"clean"
"92M2","928110",FALSE,"manual_govt",1,"clean"
"92MP","928110",FALSE,"manual_govt",1,"clean"
